[
  {
    "type": 1,
    "actionTitle": "看板动作-疑问",
    "actionGroup": [
      {
        "actionId": 1001
      }
    ]
  },
  {
    "type": 1,
    "actionTitle": "看板动作-害羞",
    "actionGroup": [
      {
        "actionId": 1002
      }
    ]
  },
  {
    "type": 1,
    "actionTitle": "看板动作-生气",
    "actionGroup": [
      {
        "actionId": 1003
      }
    ]
  },
  {
    "type": 1,
    "actionTitle": "看板动作-大笑",
    "actionGroup": [
      {
        "actionId": 1004
      }
    ]
  },
  {
    "type": 1,
    "actionTitle": "看板动作-拒绝",
    "actionGroup": [
      {
        "actionId": 1005
      }
    ]
  },
  {
    "type": 1,
    "actionTitle": "看板动作-诧异",
    "actionGroup": [
      {
        "actionId": 1007
      }
    ]
  },
  {
    "type": 1,
    "actionTitle": "看板动作-好困",
    "actionGroup": [
      {
        "actionId": 1009
      }
    ]
  },
  {
    "type": 1,
    "actionTitle": "看板动作-认真",
    "actionGroup": [
      {
        "actionId": 1010
      }
    ]
  },
  {
    "type": 1,
    "actionTitle": "闹钟动作-起床",
    "actionGroup": [
      {
        "actionId": 1011
      }
    ]
  },
  {
    "type": 1,
    "actionTitle": "闹钟动作-欢乐",
    "actionGroup": [
      {
        "actionId": 1012
      }
    ]
  },
  {
    "type": 2,
    "actionTitle": "有什么事...",
    "actionGroup": [
      {
        "actionId": 1001,
        "desc": "指挥官，有什么事吗？"
      }
    ]
  },
  {
    "type": 2,
    "actionTitle": "你想做什么...",
    "actionGroup": [
      {
        "actionId": 1002,
        "desc": "别以为人家不知道...你在想些什么！"
      }
    ]
  },
  {
    "type": 2,
    "actionTitle": "原谅你吧...",
    "actionGroup": [
      {
        "actionId": 1003,
        "desc": "哎呀，指挥官 真是..原谅你吧～"
      }
    ]
  },
  {
    "type": 2,
    "actionTitle": "别闹别闹...",
    "actionGroup": [
      {
        "actionId": 1004,
        "desc": "哈哈哈～ 别闹啦～"
      }
    ]
  },
  {
    "type": 2,
    "actionTitle": "我很拒绝...",
    "actionGroup": [
      {
        "actionId": 1005,
        "desc": "诶！不要啦"
      }
    ]
  },
  {
    "type": 2,
    "actionTitle": "诶!你干嘛!",
    "actionGroup": [
      {
        "actionId": 1007,
        "desc": "哎呀，走开啦！"
      }
    ]
  }
]